lipid_pdb_code	molecular_formula	molecular_weight	inchi_key	inchi	smiles	name
MW9	C42H81O10P	777.06	ZEFGRNLJASLRBZ-QIJYXWHJSA-N	InChI=1S/C42H81O10P/c1-3-5-7-9-11-13-15-17-19-21-23-25-27-29-31-33-41(45)49-37-40(38-51-53(47,48)50-36-39(44)35-43)52-42(46)34-32-30-28-26-24-22-20-18-16-14-12-10-8-6-4-2/h18,20,39-40,43-44H,3-17,19,21-38H2,1-2H3,(H,47,48)/b20-18-/t39-,40+/m0/s1	CCCCCCCCCCCCCCCCCC(=O)OC[C@H](CO[P](O)(=O)OC[C@@H](O)CO)OC(=O)CCCCCCC\C=C/CCCCCCCC	(21r,24r,27s)-24,27,28-trihydroxy-18,24-dioxo-19,23,25-trioxa-24lambda~5~-phosphaoctacosan-21-yl (9z)-octadec-9-enoate
WGR	C47H75N5O8	838.127	JLBSVDZUWJLOCF-ZLKQSCCRSA-N	InChI=1S/C47H75N5O8/c1-4-5-6-7-8-9-10-11-12-13-14-15-16-17-18-19-20-31-41(54)48-32-25-24-29-39(45(57)60-36(2)34-42(55)50-38-28-23-26-33-49-43(38)56)51-46(58)47(3)35-59-44(52-47)37-27-21-22-30-40(37)53/h20-22,27,30-31,36,38-39,53H,4-19,23-26,28-29,32-35H2,1-3H3,(H,48,54)(H,49,56)(H,50,55)(H,51,58)/b31-20-/t36-,38+,39+,47+/m1/s1	CCCCCCCCCCCCCCCCC\C=C/C(=O)NCCCC[C@H](NC(=O)[C@]1(C)COC(=N1)c2ccccc2O)C(=O)O[C@H](C)CC(=O)N[C@H]3CCCCNC3=O	dideoxymycobactin-838
CIS	C48H91NO11S	890.301	ZZQWQNAZXFNSEP-JCOQVFCVSA-N	InChI=1S/C48H91NO11S/c1-3-5-7-9-11-13-15-17-18-19-20-21-22-23-24-26-28-30-32-34-36-38-44(52)49-41(42(51)37-35-33-31-29-27-25-16-14-12-10-8-6-4-2)40-58-48-46(54)47(60-61(55,56)57)45(53)43(39-50)59-48/h17-18,35,37,41-43,45-48,50-51,53-54H,3-16,19-34,36,38-40H2,1-2H3,(H,49,52)(H,55,56,57)/b18-17-,37-35+/t41-,42+,43+,45-,46+,47-,48+/m0/s1	CCCCCCCCCCCCC\C=C\[C@@H](O)[C@H](CO[C@@H]1O[C@H](CO)[C@H](O)[C@H](O[S](O)(=O)=O)[C@H]1O)NC(=O)CCCCCCCCCCCCC\C=C/CCCCCCCC	(15z)-n-((1s,2r,3e)-2-hydroxy-1-{[(3-o-sulfo-beta-d-galactopyranosyl)oxy]methyl}heptadec-3-enyl)tetracos-15-enamide
FO4	C47H94N2O6P	814.233	NHYQHBPEJLFFSO-QYKFWSDSSA-O	InChI=1S/C47H93N2O6P/c1-6-8-10-12-14-16-18-20-21-22-23-24-25-26-27-29-31-33-35-37-39-41-47(51)48-45(44-55-56(52,53)54-43-42-49(3,4)5)46(50)40-38-36-34-32-30-28-19-17-15-13-11-9-7-2/h20-21,38,40,45-46,50,52H,6-19,22-37,39,41-44H2,1-5H3/q-1/p+1/b21-20-,40-38+/t45-,46+/m0/s1	CCCCCCCCCCCCC/C=C/[C@@H](O)[C@H](CO[P]([OH-])(=O)OCC[N+](C)(C)C)NC(=O)CCCCCCCCCCCCC\C=C/CCCCCCCC	sphingomyelin
WUA	C47H96N2O6P	816.249	QEDPUVGSSDPBMD-ZVBYXNGSSA-O	InChI=1S/C47H95N2O6P/c1-6-8-10-12-14-16-18-20-21-22-23-24-25-26-27-29-31-33-35-37-39-41-47(51)48-45(44-55-56(52,53)54-43-42-49(3,4)5)46(50)40-38-36-34-32-30-28-19-17-15-13-11-9-7-2/h38,40,45-46,50H,6-37,39,41-44H2,1-5H3,(H-,48,51,52,53)/p+1/b40-38+/t45-,46-/m0/s1	CCCCCCCCCCCCCCCCCCCCCCCC(=O)N[C@@H](CO[P](O)(=O)OCC[N+](C)(C)C)[C@@H](O)\C=C\CCCCCCCCCCCCC	(4r,7s)-4-hydroxy-7-[(1s,2e)-1-hydroxyhexadec-2-en-1-yl]-n,n,n-trimethyl-4,9-dioxo-3,5-dioxa-8-aza-4lambda~5~-phosphadotriacontan-1-aminium
WU7	C41H82N2O6P	730.073	NBEADXWAAWCCDG-MIWXFSMVSA-O	InChI=1S/C41H81N2O6P/c1-6-8-10-12-14-16-18-20-21-23-25-27-29-31-33-35-41(45)42-39(38-49-50(46,47)48-37-36-43(3,4)5)40(44)34-32-30-28-26-24-22-19-17-15-13-11-9-7-2/h20-21,32,34,39-40,44H,6-19,22-31,33,35-38H2,1-5H3,(H-,42,45,46,47)/p+1/b21-20-,34-32+/t39-,40-/m0/s1	CCCCCCCCCCCCC\C=C\[C@H](O)[C@H](CO[P](O)(=O)OCC[N+](C)(C)C)NC(=O)CCCCCCC\C=C/CCCCCCCC	(4s,7s,17z)-4-hydroxy-7-[(1s,2e)-1-hydroxyhexadec-2-en-1-yl]-n,n,n-trimethyl-4,9-dioxo-3,5-dioxa-8-aza-4lambda~5~-phosphahexacos-17-en-1-aminium
FOF	C15H26O	222.366	CRDAMVZIKSXKFV-YFVJMOTDSA-N	InChI=1S/C15H26O/c1-13(2)7-5-8-14(3)9-6-10-15(4)11-12-16/h7,9,11,16H,5-6,8,10,12H2,1-4H3/b14-9+,15-11+	CC(C)=CCC\C(C)=C\CC/C(C)=C/CO	(2e,6e)-3,7,11-trimethyldodeca-2,6,10-trien-1-ol
6F8	C21H32O2	316.478	RMTXUPIIESNLPW-UTOQUPLUSA-N	InChI=1S/C21H32O2/c1-2-3-4-5-6-7-8-9-10-11-12-13-14-16-19-17-15-18-20(22)21(19)23/h4-5,7-8,15,17-18,22-23H,2-3,6,9-14,16H2,1H3/b5-4-,8-7-	CCC\C=C/C\C=C/CCCCCCCc1cccc(O)c1O	3-[(8z,11z)-pentadeca-8,11-dien-1-yl]benzene-1,2-diol
3XU	C47H94N2O6P	814.233	WKZHECFHXLTOLJ-SSBLBVCXSA-O	InChI=1S/C47H93N2O6P/c1-6-8-10-12-14-16-18-20-21-22-23-24-25-26-27-29-31-33-35-37-39-41-47(51)48-45(44-55-56(52,53)54-43-42-49(3,4)5)46(50)40-38-36-34-32-30-28-19-17-15-13-11-9-7-2/h20-21,38,40,45-46,50H,6-19,22-37,39,41-44H2,1-5H3,(H-,48,51,52,53)/p+1/b21-20-,40-38-/t45-,46-/m0/s1	CCCCCCCCCCCCC\C=C/[C@H](O)[C@H](CO[P](O)(=O)OCC[N+](C)(C)C)NC(=O)CCCCCCCCCCCCC\C=C/CCCCCCCC	"(4s,7s,23z)-4-hydroxy-7-[(1s,2z)-1-hydroxyhexadec-2-en-1-yl]-n,n,n-trimethyl-9-oxo-3,5-dioxa-8-aza-4-phosphadotriacont-23-en-1-aminium 4-oxide"
42H	C26H53NO7P	522.675	YAMUFBLWGFFICM-PTGWMXDISA-O	InChI=1S/C26H52NO7P/c1-5-6-7-8-9-10-11-12-13-14-15-16-17-18-19-20-26(29)32-23-25(28)24-34-35(30,31)33-22-21-27(2,3)4/h12-13,25,28H,5-11,14-24H2,1-4H3/p+1/b13-12-/t25-/m1/s1	CCCCCCCC\C=C/CCCCCCCC(=O)OC[C@@H](O)CO[P](O)(=O)OCC[N+](C)(C)C	(4r,7r,18z)-4,7-dihydroxy-n,n,n-trimethyl-10-oxo-3,5,9-trioxa-4-phosphaheptacos-18-en-1-aminium 4-oxide
PAM	C16H30O2	254.408	SECPZKHBENQXJG-FPLPWBNLSA-N	InChI=1S/C16H30O2/c1-2-3-4-5-6-7-8-9-10-11-12-13-14-15-16(17)18/h7-8H,2-6,9-15H2,1H3,(H,17,18)/b8-7-	CCCCCC\C=C/CCCCCCCC(O)=O	palmitoleic acid
OLA	C18H34O2	282.461	ZQPPMHVWECSIRJ-KTKRTIGZSA-N	InChI=1S/C18H34O2/c1-2-3-4-5-6-7-8-9-10-11-12-13-14-15-16-17-18(19)20/h9-10H,2-8,11-17H2,1H3,(H,19,20)/b10-9-	CCCCCCCC\C=C/CCCCCCCC(O)=O	oleic acid
JH0	C18H20N6O	336.391	CKLIDLDTHWLCIM-ZDUSSCGKSA-N	InChI=1S/C18H20N6O/c1-2-17-21-22-18-8-7-16(23-24(17)18)20-13(11-25)9-12-10-19-15-6-4-3-5-14(12)15/h3-8,10,13,19,25H,2,9,11H2,1H3,(H,20,23)/t13-/m0/s1	CCc1nnc2ccc(N[C@H](CO)Cc3c[nH]c4ccccc34)nn12	(2s)-2-[(3-ethyl-[1,2,4]triazolo[4,3-b]pyridazin-6-yl)amino]-3-(1h-indol-3-yl)propan-1-ol
SLF	C42H81NO11S	808.158	GQQZXRPXBDJABR-BDZNYNMQSA-N	InChI=1S/C42H81NO11S/c1-3-5-7-9-11-13-15-17-18-20-22-24-26-28-30-32-38(46)43-35(36(45)31-29-27-25-23-21-19-16-14-12-10-8-6-4-2)34-52-42-40(48)41(54-55(49,50)51)39(47)37(33-44)53-42/h29,31,35-37,39-42,44-45,47-48H,3-28,30,32-34H2,1-2H3,(H,43,46)(H,49,50,51)/b31-29+/t35-,36+,37+,39-,40+,41-,42+/m0/s1	CCCCCCCCCCCCCCCCCC(=O)N[C@@H](CO[C@@H]1O[C@H](CO)[C@H](O)[C@H](O[S](O)(=O)=O)[C@H]1O)[C@H](O)\C=C\CCCCCCCCCCCCC	sulfate-3-d-galactosyl-beta-1-1-n-stearoyl-d-sphingosine
ZR2	C78H152O9	1234.036	ALFANZHAIQQPQB-RYNSOJLXSA-N	InChI=1S/C78H152O9/c1-5-7-9-11-13-15-17-24-32-38-44-50-56-62-70(77(83)86-66-73-74(80)75(81)76(82)78(84)87-73)71(79)63-57-51-45-39-33-27-21-19-20-25-30-36-42-48-54-60-68-65-69(68)61-55-49-43-37-31-26-22-23-28-34-40-46-52-58-64-72(85-4)67(3)59-53-47-41-35-29-18-16-14-12-10-8-6-2/h67-76,78-82,84H,5-66H2,1-4H3/t67-,68-,69+,70-,71-,72-,73+,74-,75-,76+,78-/m1/s1	CCCCCCCCCCCCCCC[C@H]([C@H](O)CCCCCCCCCCCCCCCCC[C@@H]1C[C@@H]1CCCCCCCCCCCCCCCC[C@@H](OC)[C@H](C)CCCCCCCCCCCCCC)C(=O)OC[C@@H]2O[C@@H](O)[C@@H](O)[C@H](O)[C@@H]2O	6-o-[(2r,3r)-3-hydroxy-20-{(1r,2s)-2-[(17r,18r)-17-methoxy-18-methyldotriacontyl]cyclopropyl}-2-pentadecylicosanoyl]-alpha-l-galactopyranose
3IY	C50H91NO8P	865.233	JZJDDTSQGYPVAU-XFFLUJDDSA-O	InChI=1S/C50H90NO8P/c1-6-8-10-12-14-16-17-18-19-20-21-22-23-24-25-26-27-28-29-30-31-32-33-35-37-39-41-43-50(53)59-48(47-58-60(54,55)57-45-44-51(3,4)5)46-56-49(52)42-40-38-36-34-15-13-11-9-7-2/h8,10,14,16,25-26,28-29,31-32,48H,6-7,9,11-13,15,17-24,27,30,33-47H2,1-5H3/p+1/b10-8-,16-14-,26-25-,29-28-,32-31-/t48-/m1/s1	CCCCCCCCCCCC(=O)OC[C@H](CO[P](O)(=O)OCC[N+](C)(C)C)OC(=O)CCCCCC\C=C/C/C=C\C\C=C/CCCCCCCC\C=C/C\C=C/CC	[(2~{r})-1-dodecanoyloxy-3-[oxidanyl-[2-(trimethyl-$l^{4}-azanyl)ethoxy]phosphoryl]oxy-propan-2-yl] (8~{z},11~{z},14~{z},24~{z},27~{z})-triaconta-8,11,14,24,27-pentaenoate
3IV	C16H30O2	254.408	JGMYDQCXGIMHLL-AATRIKPKSA-N	InChI=1S/C16H30O2/c1-2-3-4-5-6-7-8-9-10-11-12-13-14-15-16(17)18/h5-6H,2-4,7-15H2,1H3,(H,17,18)/b6-5+	CCCC/C=C/CCCCCCCCCC(O)=O	(11e)-hexadec-11-enoic acid
L9Q	C41H80NO8P	746.05	JQKOHRZNEOQNJE-VYCVAHKRSA-N	InChI=1S/C41H80NO8P/c1-3-5-7-9-11-13-15-17-19-21-23-25-27-29-31-33-40(43)47-37-39(38-49-51(45,46)48-36-35-42)50-41(44)34-32-30-28-26-24-22-20-18-16-14-12-10-8-6-4-2/h18,20,39H,3-17,19,21-38,42H2,1-2H3,(H,45,46)/b20-18-/t39-/m0/s1	CCCCCCCCCCCCCCCCCC(=O)OC[C@@H](CO[P](O)(=O)OCCN)OC(=O)CCCCCCC\C=C/CCCCCCCC	(1s)-2-{[(s)-(2-aminoethoxy)(hydroxy)phosphoryl]oxy}-1-[(octadecanoyloxy)methyl]ethyl (9z)-octadec-9-enoate
CUY	C42H84O2	621.115	JKKQRJTZBKHHOI-UHFFFAOYSA-N	InChI=1S/C42H84O2/c1-3-5-7-9-11-13-15-17-19-20-21-22-23-24-25-27-29-31-33-35-37-39-41-44-42(43)40-38-36-34-32-30-28-26-18-16-14-12-10-8-6-4-2/h3-41H2,1-2H3	CCCCCCCCCCCCCCCCCCCCCCCCOC(=O)CCCCCCCCCCCCCCCCC	tetracosyl octadecanoate
3LY	C39H80N2O6P	704.036	RWKUXQNLWDTSLO-OPXWDTKOSA-O	InChI=1S/C39H79N2O6P/c1-6-8-10-12-14-16-18-20-22-24-26-28-30-32-38(42)37(36-47-48(44,45)46-35-34-41(3,4)5)40-39(43)33-31-29-27-25-23-21-19-17-15-13-11-9-7-2/h30,32,37-38,42H,6-29,31,33-36H2,1-5H3,(H-,40,43,44,45)/p+1/b32-30-/t37-,38+/m1/s1	CCCCCCCCCCCCCCCC(=O)N[C@H](CO[P](O)(=O)OCC[N+](C)(C)C)[C@@H](O)\C=C/CCCCCCCCCCCCC	[(~{z},2~{r},3~{s})-2-(hexadecanoylamino)-3-oxidanyl-octadec-4-enyl] 2-(trimethyl-$l^{4}-azanyl)ethyl hydrogen phosphate
6UL	C40H80O2	593.062	KKTAIMZGSAQXRE-UHFFFAOYSA-N	InChI=1S/C40H80O2/c1-3-5-7-9-11-13-15-17-18-19-20-21-22-23-24-25-27-29-31-33-35-37-39-42-40(41)38-36-34-32-30-28-26-16-14-12-10-8-6-4-2/h3-39H2,1-2H3	CCCCCCCCCCCCCCCCCCCCCCCCOC(=O)CCCCCCCCCCCCCCC	tetracosyl palmitate
SGF	C24H47NO10S	541.696	BXSULSOCJNTUJS-YTBMLWRQSA-N	InChI=1S/C24H47NO10S/c1-2-3-4-5-6-7-8-9-10-11-12-13-14-15-19(27)18(25)17-33-24-22(29)23(35-36(30,31)32)21(28)20(16-26)34-24/h14-15,18-24,26-29H,2-13,16-17,25H2,1H3,(H,30,31,32)/b15-14+/t18-,19+,20+,21-,22+,23-,24+/m0/s1	CCCCCCCCCCCCC/C=C/[C@@H](O)[C@@H](N)CO[C@@H]1O[C@H](CO)[C@H](O)[C@H](O[S](O)(=O)=O)[C@H]1O	(2s,3r,4e)-2-amino-3-hydroxyoctadec-4-en-1-yl 3-o-sulfo-beta-d-galactopyranoside
PIE	C43H80O13P	836.061	PDLAMJKMOKWLAJ-OJERQSHOSA-M	InChI=1S/C43H81O13P/c1-3-5-7-9-11-13-15-17-18-20-22-24-26-28-30-32-37(45)55-35(34-54-57(51,52)56-43-41(49)39(47)38(46)40(48)42(43)50)33-53-36(44)31-29-27-25-23-21-19-16-14-12-10-8-6-4-2/h17-18,35,38-43,46-50H,3-16,19-34H2,1-2H3,(H,51,52)/p-1/b18-17+/t35-,38-,39-,40+,41-,42-,43-/m1/s1	CCCCCCCCCCCCCCCC(=O)OC[C@H](CO[P]([O-])(=O)O[C@H]1[C@H](O)[C@@H](O)[C@H](O)[C@@H](O)[C@H]1O)OC(=O)CCCCCCC\C=C\CCCCCCCC	1,2-diacyl-sn-glycero-3-phosphoinositol
POV	C42H82NO8P	760.076	WTJKGGKOPKCXLL-PFDVCBLKSA-N	InChI=1S/C42H82NO8P/c1-6-8-10-12-14-16-18-20-21-23-25-27-29-31-33-35-42(45)51-40(39-50-52(46,47)49-37-36-43(3,4)5)38-48-41(44)34-32-30-28-26-24-22-19-17-15-13-11-9-7-2/h20-21,40H,6-19,22-39H2,1-5H3/b21-20-/t40-/m0/s1	CCCCCCCCCCCCCCCC(=O)OC[C@@H](CO[P]([O-])(=O)OCC[N+](C)(C)C)OC(=O)CCCCCCC\C=C/CCCCCCCC	(2s)-3-(hexadecanoyloxy)-2-[(9z)-octadec-9-enoyloxy]propyl 2-(trimethylammonio)ethyl phosphate
D3D	C40H77O10P	749.007	PAZGBAOHGQRCBP-UCZVXENKSA-N	InChI=1S/C40H77O10P/c1-3-5-7-9-11-13-15-17-18-20-22-24-26-28-30-32-40(44)50-38(36-49-51(45,46)48-34-37(42)33-41)35-47-39(43)31-29-27-25-23-21-19-16-14-12-10-8-6-4-2/h17-18,37-38,41-42H,3-16,19-36H2,1-2H3,(H,45,46)/b18-17+/t37-,38+/m1/s1	CCCCCCCCCCCCCCCC(=O)OC[C@@H](CO[P](O)(=O)OC[C@H](O)CO)OC(=O)CCCCCCC\C=C\CCCCCCCC	(19s,22r,25r)-22,25,26-trihydroxy-16,22-dioxo-17,21,23-trioxa-22lambda~5~-phosphahexacosan-19-yl (9e)-octadec-9-enoate
D21	C37H71O8P	674.929	OPVZUEPSMJNLOM-PGUFJCEWSA-N	InChI=1S/C37H71O8P/c1-3-5-7-9-11-13-15-17-18-20-22-24-26-28-30-32-37(39)45-35(34-44-46(40,41)42)33-43-36(38)31-29-27-25-23-21-19-16-14-12-10-8-6-4-2/h17-18,35H,3-16,19-34H2,1-2H3,(H2,40,41,42)/t35-/m1/s1	CCCCCCCCCCCCCCCC(=O)OC[C@H](CO[P](O)(O)=O)OC(=O)CCCCCCC\C=C/CCCCCCCC	(2r)-1-(hexadecanoyloxy)-3-(phosphonooxy)propan-2-yl (9z)-octadec-9-enoate
P50	C40H76NO9P	746.007	YXDSQFSRKMJOST-GSXCXXIQSA-N	InChI=1S/C40H76NO9P/c1-3-5-7-9-11-13-15-17-18-20-22-24-26-28-30-32-40(44)50-38(36-49-51(45,46)48-34-37(41)33-42)35-47-39(43)31-29-27-25-23-21-19-16-14-12-10-8-6-4-2/h17-18,33,37-38H,3-16,19-32,34-36,41H2,1-2H3,(H,45,46)/b18-17-/t37-,38-/m0/s1	CCCCCCCCCCCCCCCC(=O)OC[C@@H](CO[P](O)(=O)OC[C@@H](N)C=O)OC(=O)CCCCCCC\C=C/CCCCCCCC	(19s,22s,25r)-25-amino-22-hydroxy-16,22,26-trioxo-17,21,23-trioxa-22lambda~5~-phosphahexacosan-19-yl (9z)-octadec-9-enoate
70E	C42H82O8	715.096	YOCZDGRJDQLKHW-GWLFWXKWSA-N	InChI=1S/C42H82O8/c1-3-5-7-9-11-13-15-17-18-19-20-21-23-25-27-29-31-33-36(43)35(32-30-28-26-24-22-16-14-12-10-8-6-4-2)41(47)49-34-37-38(44)39(45)40(46)42(48)50-37/h35-40,42-46,48H,3-34H2,1-2H3/t35-,36-,37+,38-,39+,40-,42-/m1/s1	CCCCCCCCCCCCCCCCCCC[C@@H](O)[C@@H](CCCCCCCCCCCCCC)C(=O)OC[C@@H]1O[C@@H](O)[C@H](O)[C@@H](O)[C@@H]1O	6-o-[(2r,3r)-3-hydroxy-2-tetradecyldocosanoyl]-alpha-l-idopyranose
T8X	C56H104O16S	1065.48	NEVRXHPVRYSQOZ-ZZLYBKFXSA-N	InChI=1S/C56H104O16S/c1-7-9-11-13-15-17-19-21-23-24-26-28-30-32-34-41(3)36-42(4)37-43(5)38-44(6)54(63)70-51-49(61)46(40-58)68-56(71-55-52(72-73(64,65)66)50(62)48(60)45(39-57)67-55)53(51)69-47(59)35-33-31-29-27-25-22-20-18-16-14-12-10-8-2/h38,41-43,45-46,48-53,55-58,60-62H,7-37,39-40H2,1-6H3,(H,64,65,66)/b44-38+/t41-,42-,43-,45+,46+,48+,49+,50-,51-,52+,53+,55+,56+/m0/s1	CCCCCCCCCCCCCCCC[C@H](C)C[C@H](C)C[C@H](C)/C=C(C)/C(=O)O[C@H]1[C@H](O)[C@@H](CO)O[C@H](O[C@H]2O[C@H](CO)[C@@H](O)[C@H](O)[C@H]2O[S](O)(=O)=O)[C@@H]1OC(=O)CCCCCCCCCCCCCCC	"2-o-sulfo-alpha-d-glucopyranosyl2-o-hexadecanoyl-3-o-[(2e,4s,6s,8s)-2,4,6,8-tetramethyltetracos-2-enoyl]-alpha-d-glucopyranoside"
ULI	C40H82	563.079	KUPLEGDPSCCPJI-UHFFFAOYSA-N	InChI=1S/C40H82/c1-3-5-7-9-11-13-15-17-19-21-23-25-27-29-31-33-35-37-39-40-38-36-34-32-30-28-26-24-22-20-18-16-14-12-10-8-6-4-2/h3-40H2,1-2H3	CCCCCCCCCCCCCCCCCCCCCCCCCCCCCCCCCCCCCCCC	tetracontane
6PL	C42H85NO8P	763.1	PZNPLUBHRSSFHT-RRHRGVEJSA-O	InChI=1S/C42H84NO8P/c1-6-8-10-12-14-16-18-20-21-23-25-27-29-31-33-35-42(45)51-40(39-50-52(46,47)49-37-36-43(3,4)5)38-48-41(44)34-32-30-28-26-24-22-19-17-15-13-11-9-7-2/h40H,6-39H2,1-5H3/p+1/t40-/m1/s1	CCCCCCCCCCCCCCCCCC(=O)O[C@H](COC(=O)CCCCCCCCCCCCCCC)CO[P@](O)(=O)OCC[N+](C)(C)C	(4s,7r)-4-hydroxy-n,n,n-trimethyl-9-oxo-7-[(palmitoyloxy)methyl]-3,5,8-trioxa-4-phosphahexacosan-1-aminium 4-oxide
GMM	C66H126O8	1047.702	BVARSKHQNMUXIB-WOUBZNJSSA-N	InChI=1S/C66H126O8/c1-3-5-7-9-11-12-13-14-15-16-17-18-19-20-21-22-23-24-25-26-27-28-29-30-31-32-33-34-35-36-37-38-39-40-41-42-43-44-45-46-47-48-49-50-51-53-55-57-60(67)59(56-54-52-10-8-6-4-2)65(71)73-58-61-62(68)63(69)64(70)66(72)74-61/h24-25,34-35,59-64,66-70,72H,3-23,26-33,36-58H2,1-2H3/b25-24-,35-34-/t59-,60-,61+,62-,63+,64-,66-/m1/s1	CCCCCCCCCCCCCCCCCC\C=C/CCCCCCCC\C=C/CCCCCCCCCCCCCCCCCCC[C@@H](O)[C@@H](CCCCCCCC)C(=O)OC[C@@H]1O[C@@H](O)[C@H](O)[C@@H](O)[C@@H]1O	glucose monomycolate
PII	C42H81O13P	825.059	QVAGJHIIXLLVCI-KSGPIMHQSA-N	InChI=1S/C42H81O13P/c1-3-5-7-9-11-13-15-17-19-21-23-25-27-29-31-36(44)54-34(33-53-56(50,51)55-42-40(48)38(46)37(45)39(47)41(42)49)32-52-35(43)30-28-26-24-22-20-18-16-14-12-10-8-6-4-2/h34,37-42,45-49H,3-33H2,1-2H3,(H,50,51)/t34-,37-,38-,39+,40-,41-,42-/m1/s1	CCCCCCCCCCCCCCCCC(=O)O[C@H](COC(=O)CCCCCCCCCCCCCCC)CO[P@](O)(=O)O[C@@H]1[C@H](O)[C@H](O)[C@@H](O)[C@H](O)[C@H]1O	2-[(hydroxy{[(2r,3r,5s,6r)-2,3,4,5,6-pentahydroxycyclohexyl]oxy}phosphoryl)oxy]-1-[(palmitoyloxy)methyl]ethyl heptadecanoate
TWT	C22H46	310.601	HOWGUJZVBDQJKV-UHFFFAOYSA-N	InChI=1S/C22H46/c1-3-5-7-9-11-13-15-17-19-21-22-20-18-16-14-12-10-8-6-4-2/h3-22H2,1-2H3	CCCCCCCCCCCCCCCCCCCCCC	docosane
D12	C12H26	170.335	SNRUBQQJIBEYMU-UHFFFAOYSA-N	InChI=1S/C12H26/c1-3-5-7-9-11-12-10-8-6-4-2/h3-12H2,1-2H3	CCCCCCCCCCCC	dodecane
GM2	C43H85NO8	744.137	SYMIJCRAJBNLEL-YPQBUIQASA-N	InChI=1S/C43H85NO8/c1-3-5-7-9-11-13-15-17-19-21-23-25-27-29-31-33-39(47)44-36(35-51-43-42(50)41(49)40(48)38(34-45)52-43)37(46)32-30-28-26-24-22-20-18-16-14-12-10-8-6-4-2/h36-38,40-43,45-46,48-50H,3-35H2,1-2H3,(H,44,47)/t36-,37-,38+,40+,41-,42+,43+/m0/s1	CCCCCCCCCCCCCCCCCC(=O)N[C@@H](CO[C@@H]1O[C@H](CO)[C@@H](O)[C@H](O)[C@H]1O)[C@@H](O)CCCCCCCCCCCCCCCC	n-[(1s,2s)-2-hydroxy-1-({[(2r,3r,4s,5s,6r)-3,4,5-trihydroxy-6-(hydroxymethyl)tetrahydro-2h-pyran-2-yl]oxy}methyl)octadecyl]octadecanamide
ZQ7	C39H77F2O8P	742.994	WLSJJMZOYIFPGE-ICHHDKBFSA-N	InChI=1S/C39H77F2O8P/c1-7-8-9-10-11-17-29(2)18-12-19-30(3)20-13-21-31(4)22-14-23-32(5)24-15-25-33(6)26-16-27-48-50(46,47)39(40,41)38-37(45)36(44)35(43)34(28-42)49-38/h29-38,42-45H,7-28H2,1-6H3,(H,46,47)/t29-,30-,31-,32-,33-,34+,35+,36-,37-,38+/m0/s1	CCCCCCC[C@H](C)CCC[C@H](C)CCC[C@H](C)CCC[C@H](C)CCC[C@H](C)CCCO[P](O)(=O)C(F)(F)[C@@H]1O[C@H](CO)[C@@H](O)[C@H](O)[C@@H]1O	2,6-anhydro-1-deoxy-1,1-difluoro-1-[(r)-hydroxy{[(4s,8s,12s,16s,20s)-4,8,12,16,20-pentamethylheptacosyl]oxy}phosphoryl]-d-glycero-d-galacto-heptitol
ZP7	C19H38O4	330.503	QHZLMUACJMDIAE-SFHVURJKSA-N	InChI=1S/C19H38O4/c1-2-3-4-5-6-7-8-9-10-11-12-13-14-15-19(22)23-17-18(21)16-20/h18,20-21H,2-17H2,1H3/t18-/m0/s1	CCCCCCCCCCCCCCCC(=O)OC[C@@H](O)CO	(2s)-2,3-dihydroxypropyl hexadecanoate
ZQ4	C39H79O8P	707.014	LLTWLOYZJCWIOT-JWDSMAJRSA-N	InChI=1S/C39H79O8P/c1-7-8-9-10-11-17-30(2)18-12-19-31(3)20-13-21-32(4)22-14-23-33(5)24-15-25-34(6)26-16-27-46-48(44,45)29-36-38(42)39(43)37(41)35(28-40)47-36/h30-43H,7-29H2,1-6H3,(H,44,45)/t30-,31+,32+,33-,34+,35+,36-,37+,38+,39-/m0/s1	CCCCCCC[C@H](C)CCC[C@@H](C)CCC[C@@H](C)CCC[C@H](C)CCC[C@@H](C)CCCO[P](O)(=O)C[C@@H]1O[C@H](CO)[C@@H](O)[C@H](O)[C@@H]1O	2,6-anhydro-1-deoxy-1-[(s)-hydroxy{[(4r,8s,12r,16r,20s)-4,8,12,16,20-pentamethylheptacosyl]oxy}phosphoryl]-d-glycero-d-galacto-heptitol
ZPD	C39H79O8P	707.014	IWZOWMVCZCJZJF-CFXBQQDPSA-N	InChI=1S/C39H79O8P/c1-7-8-9-10-11-17-30(2)18-12-19-31(3)20-13-21-32(4)22-14-23-33(5)24-15-25-34(6)26-16-27-46-48(44,45)47-36-28-35(29-40)37(41)39(43)38(36)42/h30-43H,7-29H2,1-6H3,(H,44,45)/t30-,31-,32-,33+,34-,35+,36+,37+,38+,39-/m0/s1	CCCCCCC[C@H](C)CCC[C@H](C)CCC[C@H](C)CCC[C@@H](C)CCC[C@H](C)CCCO[P](O)(=O)O[C@@H]1C[C@H](CO)[C@@H](O)[C@H](O)[C@@H]1O	(4s,8r,12s,16s,20s)-4,8,12,16,20-pentamethylheptacosyl (1r,2s,3s,4r,5r)-2,3,4-trihydroxy-5-(hydroxymethyl)cyclohexyl hydrogen (r)-phosphate
EKG	C19H38O4	330.503	QHZLMUACJMDIAE-GOSISDBHSA-N	InChI=1S/C19H38O4/c1-2-3-4-5-6-7-8-9-10-11-12-13-14-15-19(22)23-17-18(21)16-20/h18,20-21H,2-17H2,1H3/t18-/m1/s1	CCCCCCCCCCCCCCCC(=O)OC[C@H](O)CO	(2r)-2,3-dihydroxypropyl hexadecanoate
D10	C10H22	142.282	DIOQZVSQGTUSAI-UHFFFAOYSA-N	InChI=1S/C10H22/c1-3-5-7-9-10-8-6-4-2/h3-10H2,1-2H3	CCCCCCCCCC	decane
STE	C18H36O2	284.477	QIQXTHQIDYTFRH-UHFFFAOYSA-N	InChI=1S/C18H36O2/c1-2-3-4-5-6-7-8-9-10-11-12-13-14-15-16-17-18(19)20/h2-17H2,1H3,(H,19,20)	CCCCCCCCCCCCCCCCCC(O)=O	stearic acid
DAO	C12H24O2	200.318	POULHZVOKOAJMA-UHFFFAOYSA-N	InChI=1S/C12H24O2/c1-2-3-4-5-6-7-8-9-10-11-12(13)14/h2-11H2,1H3,(H,13,14)	CCCCCCCCCCCC(O)=O	lauric acid
PMK	C32H67O4P	546.846	WLNOCCJMGSEDAT-GCIGRYLYSA-N	InChI=1S/C32H67O4P/c1-7-8-9-10-11-17-28(2)18-12-19-29(3)20-13-21-30(4)22-14-23-31(5)24-15-25-32(6)26-16-27-36-37(33,34)35/h28-32H,7-27H2,1-6H3,(H2,33,34,35)/t28-,29+,30+,31+,32-/m1/s1	CCCCCCC[C@@H](C)CCC[C@H](C)CCC[C@H](C)CCC[C@H](C)CCC[C@@H](C)CCCO[P](O)(O)=O	(4r,8s,16s,20r)-4,8,12,16,20-pentamethylheptacosyl dihydrogen phosphate
MK0	C38H77O9P	708.986	BWDAWKXFHWFXEQ-RIEBCBCMSA-N	InChI=1S/C38H77O9P/c1-7-8-9-10-11-17-29(2)18-12-19-30(3)20-13-21-31(4)22-14-23-32(5)24-15-25-33(6)26-16-27-45-48(43,44)47-38-37(42)36(41)35(40)34(28-39)46-38/h29-42H,7-28H2,1-6H3,(H,43,44)/t29-,30-,31-,32-,33-,34+,35+,36-,37-,38-/m0/s1	CCCCCCC[C@H](C)CCC[C@H](C)CCC[C@H](C)CCC[C@H](C)CCC[C@H](C)CCCO[P](O)(=O)O[C@@H]1O[C@H](CO)[C@@H](O)[C@H](O)[C@@H]1O	1-o-[(s)-hydroxy{[(4s,8s,16s,20s)-4,8,12,16,20-pentamethylheptacosyl]oxy}phosphoryl]-beta-d-mannopyranose
A1AHF	C46H89NO8	784.201	HKCYWBHIRZDQLD-HMGLXMNBSA-N	InChI=1S/C46H89NO8/c1-3-5-7-9-11-13-15-17-18-19-20-21-22-24-26-28-30-32-34-36-42(50)47-39(38-54-46-45(53)44(52)43(51)41(37-48)55-46)40(49)35-33-31-29-27-25-23-16-14-12-10-8-6-4-2/h39,41,43-46,48,51-53H,3-38H2,1-2H3,(H,47,50)/t39-,41-,43+,44+,45+,46-/m0/s1	CCCCCCCCCCCCCCCCCCCCCC(=O)N[C@H](CO[C@@H]1O[C@H](CO)[C@@H](O)[C@@H](O)[C@H]1O)C(=O)CCCCCCCCCCCCCCC	n-[(2s)-3-oxo-1-(beta-l-talopyranosyloxy)octadecan-2-yl]docosanamide
AGH	C50H99NO9	858.322	VQFKFAKEUMHBLV-BYSUZVQFSA-N	InChI=1S/C50H99NO9/c1-3-5-7-9-11-13-15-17-18-19-20-21-22-23-24-25-26-27-29-31-33-35-37-39-45(54)51-42(41-59-50-49(58)48(57)47(56)44(40-52)60-50)46(55)43(53)38-36-34-32-30-28-16-14-12-10-8-6-4-2/h42-44,46-50,52-53,55-58H,3-41H2,1-2H3,(H,51,54)/t42-,43+,44+,46-,47-,48-,49+,50-/m0/s1	CCCCCCCCCCCCCCCCCCCCCCCCCC(=O)N[C@@H](CO[C@H]1O[C@H](CO)[C@H](O)[C@H](O)[C@H]1O)[C@H](O)[C@H](O)CCCCCCCCCCCCCC	n-{(1s,2r,3s)-1-[(alpha-d-galactopyranosyloxy)methyl]-2,3-dihydroxyheptadecyl}hexacosanamide
JLS	C48H93NO9	828.253	QMLKBWVXCMTWOZ-WWHSRKRPSA-N	InChI=1S/C48H93NO9/c1-3-5-7-9-11-13-15-17-18-19-20-21-22-23-24-25-27-29-31-33-35-37-43(52)49-40(39-57-48-47(56)46(55)45(54)42(38-50)58-48)44(53)41(51)36-34-32-30-28-26-16-14-12-10-8-6-4-2/h17-18,40-42,44-48,50-51,53-56H,3-16,19-39H2,1-2H3,(H,49,52)/b18-17-/t40-,41+,42+,44-,45-,46-,47+,48-/m0/s1	CCCCCCCCCCCCCC[C@@H](O)[C@@H](O)[C@H](CO[C@H]1O[C@H](CO)[C@H](O)[C@H](O)[C@H]1O)NC(=O)CCCCCCCCCCCCC\C=C/CCCCCCCC	(15z)-n-[(2s,3s,4r)-1-(alpha-d-galactopyranosyloxy)-3,4-dihydroxyoctadecan-2-yl]tetracos-15-enamide
4GH	C50H99NO7	826.324	SBJWEMJDCMAIOT-AHRAGLCISA-N	InChI=1S/C50H99NO7/c1-3-5-7-9-11-13-15-17-18-19-20-21-22-23-24-25-26-28-30-32-34-36-38-40-48(55)51-45(43-57-50-49(56)47(54)41-44(42-52)58-50)46(53)39-37-35-33-31-29-27-16-14-12-10-8-6-4-2/h44-47,49-50,52-54,56H,3-43H2,1-2H3,(H,51,55)/t44-,45-,46+,47-,49+,50-/m0/s1	CCCCCCCCCCCCCCCCCCCCCCCCCC(=O)N[C@@H](CO[C@H]1O[C@H](CO)C[C@H](O)[C@H]1O)[C@H](O)CCCCCCCCCCCCCCC	n-{(2s,3r)-1-[(4-deoxy-alpha-d-xylo-hexopyranosyl)oxy]-3-hydroxyoctadecan-2-yl}hexacosanamide
DB3	C44H83NO9	770.131	WSXMIFGRYXQZQZ-HJCGRHBQSA-N	InChI=1S/C44H83NO9/c1-3-5-7-9-11-13-15-17-18-19-20-21-23-25-27-29-31-33-39(48)45-36(35-53-44-43(52)42(51)41(50)38(34-46)54-44)40(49)37(47)32-30-28-26-24-22-16-14-12-10-8-6-4-2/h11,13,17-18,36-38,40-44,46-47,49-52H,3-10,12,14-16,19-35H2,1-2H3,(H,45,48)/b13-11+,18-17-/t36-,37+,38+,40-,41-,42-,43+,44-/m0/s1	CCCCCCCCCCCCCC[C@@H](O)[C@@H](O)[C@H](CO[C@H]1O[C@H](CO)[C@H](O)[C@H](O)[C@H]1O)NC(=O)CCCCCCCCC\C=C/C/C=C/CCCCC	(11z,14e)-n-[(2s,3s,4r)-1-(alpha-d-galactopyranosyloxy)-3,4-dihydroxyoctadecan-2-yl]icosa-11,14-dienamide
LSC	C26H53NO7P	522.675	YAMUFBLWGFFICM-ZOGNMOHXSA-O	InChI=1S/C26H52NO7P/c1-5-6-7-8-9-10-11-12-13-14-15-16-17-18-19-20-26(29)32-23-25(28)24-34-35(30,31)33-22-21-27(2,3)4/h12-13,25,28H,5-11,14-24H2,1-4H3/p+1/b13-12+/t25-/m1/s1	CCCCCCCC/C=C/CCCCCCCC(=O)OC[C@@H](O)CO[P](O)(=O)OCC[N+](C)(C)C	(4r,7r,18e)-4,7-dihydroxy-n,n,n-trimethyl-10-oxo-3,5,9-trioxa-4-phosphaheptacos-18-en-1-aminium 4-oxide
UND	C11H24	156.308	RSJKGSCJYJTIGS-UHFFFAOYSA-N	InChI=1S/C11H24/c1-3-5-7-9-11-10-8-6-4-2/h3-11H2,1-2H3	CCCCCCCCCCC	undecane
HEX	C6H14	86.175	VLKZOEOYAKHREP-UHFFFAOYSA-N	InChI=1S/C6H14/c1-3-5-6-4-2/h3-6H2,1-2H3	CCCCCC	hexane
GCY	C48H93NO8	812.254	POQRWMRXUOPCLD-HIIAJUEOSA-N	InChI=1S/C48H93NO8/c1-3-5-7-9-11-13-15-17-18-19-20-21-22-23-24-26-28-30-32-34-36-38-44(52)49-41(40-56-48-47(55)46(54)45(53)43(39-50)57-48)42(51)37-35-33-31-29-27-25-16-14-12-10-8-6-4-2/h35,37,41-43,45-48,50-51,53-55H,3-34,36,38-40H2,1-2H3,(H,49,52)/b37-35+/t41-,42+,43+,45-,46-,47+,48+/m0/s1	CCCCCCCCCCCCCCCCCCCCCCCC(=O)N[C@@H](CO[C@@H]1O[C@H](CO)[C@H](O)[C@H](O)[C@H]1O)[C@H](O)/C=C/CCCCCCCCCCCCC	n-[(2s,3r)-1-(beta-d-galactopyranosyloxy)-3-hydroxyoctadec-4-en-2-yl]tetracosanamide
